country,1960,1961,1962,1963,1964,1965,1966,1967,1968,1969,1970,1971,1972,1973,1974,1975,1976,1977,1978,1979,1980,1981,1982,1983,1984,1985,1986,1987,1988,1989,1990,1991,1992,1993,1994,1995,1996,1997,1998,1999,2000,2001,2002,2003,2004,2005,2006,2007,2008,2009,2010,2011,2012,2013,2014,2015,2016,2017,2018,2019
Afghanistan,0.171,,,,,,,,,,0.199,,,,,,,,,,,0.276,,,,,,0.309,,,0.25,,,,,,,,,,0.3,0.39,0.39,0.39,0.39,0.42,0.42,0.42,0.42,0.42,0.43,0.44,0.53,0.53,0.5,0.5,0.5,0.39,,
Angola,2.06,,,,,,,,,,2.72,,,,,,,,,,,,,,,,,,,,1.29,,,,,,,,,,,,,,,0.8,,,,,,,,,,,,,,
Albania,5.1,,,,,,,,,,,,,,,,,,,,4.27,4.19,4.16,4.09,4.14,4.14,4.07,3.97,3.94,4.13,4.02,4,4.01,3.83,3.02,3.19,3.14,3.05,3.05,3.03,3.26,3.26,3.14,3.07,3.01,3.08,3.12,3.09,,3.01,2.99,2.88,2.88,2.89,,,,,,
Andorra,,,,,,,,,,,,,,,,,,,,,,,,,,,,,,,,,,,,,3.18,3,3.09,3.2,3.2,2.59,,3.3,,2.7,2.6,2.6,,2.5,,,,,,,,,,
United Arab Emirates,,,,,,,,,,,,,,,,,,,,,2.85,2.88,,,,,,,,,2.64,,3.06,,,,2.64,,,,2.38,2.28,2.19,2.19,2.19,2.19,1.88,1.88,1.86,1.93,1.93,1.07,1.07,1.15,0.01,1.1,1.36,1.38,,
Argentina,6.35,,,,,,,,,,5.59,,,,,,,,,,,,,,,,,,,,4.59,,,4.6,,,3.29,,,,4.1,,,,,4,,,,,4.5,4.39,4.59,4.78,4.84,4.96,4.95,4.99,,
Armenia,,,,,,,,,,,,,,,,,,,,,8.4,8.58,8.68,8.55,8.66,8.7,9.02,9,9.19,9.04,9.09,8.53,8.37,8.21,7.77,7.64,7.13,6.75,6.66,6.2,6.44,5.03,4.35,4.42,4.44,4.46,4.42,4.07,3.82,3.72,3.73,3.74,4.05,4.06,4.16,4.2,,,,
Antigua and Barbuda,7.71,,,,,,,,,,6.53,,,,,,,,,,,,,,,,,,,,6.6,,,6.1,,,3.88,,,,,2.6,2.3,2.5,2.4,2.4,2.4,2,1.7,2.2,2.2,1.93,,3.6,3.55,3.61,3.01,2.89,,
Australia,11.2,11.3,11.4,11.7,11.8,11.9,11.8,11.8,11.8,11.7,11.7,11.6,11.8,11.8,12,11.9,11.9,12.1,12.1,12.2,12.3,12.2,12.1,11.9,11.7,10.9,,10.5,,9.8,,9.2,8.9,8.9,8.7,8.7,8.5,8.3,8.2,7.9,4.04,3.95,3.93,3.97,4,3.9,3.93,,3.82,3.77,3.78,3.79,3.75,3.74,3.79,3.82,3.84,,,
Austria,10.8,,,,,,,,,,10.8,,,,,,,,,,11.2,,,,,10.9,10.8,10.7,10.6,10.4,10.2,9.9,9.7,9.4,9.5,9.4,9.3,9.2,9,8.9,7.95,7.85,7.81,7.73,7.73,7.69,7.66,7.75,7.69,7.68,7.65,7.68,7.67,7.64,7.58,7.54,7.42,7.37,7.27,
Azerbaijan,,,,,,,,,,,,,,,,,,,,,9.75,,,,,9.9,9.84,9.88,9.97,10.2,10.1,10,10.5,10.5,10.1,10,9.81,9.61,9.06,8.9,8.69,8.51,8.4,8.27,8.24,8.21,7.94,7.93,7.67,7.54,5.06,4.62,4.65,4.69,4.82,,,,,
Burundi,1.12,,,,,,,,,,1.28,,,,,1.12,,,,,,,,,,,0.679,,,,,0.663,,,,,,,,,,,,,,,0.7,,,,,1.9,,,0.79,,,,,
Belgium,,,,,,,,,,,8.3,,,,,,,,,,9.4,,,,,9.1,,,,,8,7.9,7.7,7.7,7.6,,,7.2,7.2,7.1,6.72,6.62,6.54,6.53,6.48,6.44,6.35,6.27,6.25,6.15,6.12,6.05,5.99,5.93,5.85,5.83,5.76,5.66,5.62,5.58
Benin,1.23,,,,,,,,,,1.15,,,,,,,,,,1.46,1.13,,,,0.36,,,,,0.834,0.5,0.223,0.239,0.234,,,,,,,,,,,0.5,,,,,0.5,,,,,,,,,
Burkina Faso,0.524,,,,,,,,,,0.572,,,,,,,,,,,,,,,,,,,0.306,0.299,,,,,1.3,1.42,,,,,,,,,,0.9,,,,0.4,,,,,,,,,
Bangladesh,,,,,,,,,,,0.155,,,,,,,,,,0.216,0.225,,,,0.288,,,,,0.304,0.308,,,0.305,,,,,0.3,,0.3,0.34,,,0.3,,,,,,0.6,,,0.6,0.77,0.79,,,
Bulgaria,6.21,,,,,,,,,,,,,,,,,,,,8.85,8.86,8.89,8.88,8.96,9.11,9.45,9.56,9.56,9.7,9.79,9.77,10.2,10.5,10.2,10.4,10.5,10.3,8.41,7.49,7.41,7.2,6.49,6.29,6.13,6.41,6.28,6.46,6.61,6.72,6.62,6.45,6.61,6.82,7.13,7.24,7.27,7.45,,
Bahrain,4.71,,,,,,,,,,4.34,,,,,,,,,,3.31,,,,,,,,,3.34,,,,,,,,2.9,,,2.75,2.82,2.86,2.81,2.81,2.81,2.74,2.74,1.97,1.9,1.77,1.7,2.08,2.08,2.03,1.95,1.89,1.74,,
Bahamas,5.73,,,,,,,,,,5.09,,,,,,,,,,4.4,,,,,,,,,,4,,,3.88,,3.6,3.94,,,,3.5,3.4,3.4,3.4,3.4,,3.2,3.2,3.2,3.2,2.92,2.9,2.86,2.85,2.76,2.83,,2.96,,
Bosnia and Herzegovina,,,,,,,,,,,,,,,,,,,,,4.83,4.92,4.92,4.9,4.81,4.72,4.74,4.59,4.58,4.5,4.46,4.38,,,,,,,3.82,3.8,3.38,3.24,3.21,3.17,3.05,3.12,3.32,3.39,3.35,3.33,3.4,3.46,3.5,3.5,3.49,,,,,
Belarus,,,,,,,,,,,,,,,,,,,,,12.5,,,,,13.1,13.3,13.5,13.4,13.6,13.2,13.2,12.7,12.5,12.5,12.4,12.3,12.4,12.4,12.6,12.6,12.6,11.9,11.3,10.7,11.1,11.2,11.2,11.1,11.1,11.4,11.3,11.3,11.1,10.8,,,,,
Belize,4.67,,,,,,,,,,5.4,,,,,,,,,,,,,,,,3.32,,,,2.7,,,2.8,,2.5,2.13,,,,1.9,,,1.3,1.3,1.2,1.3,1.2,1.2,1.1,1.2,1.09,1.08,0.89,1.27,,1.22,1.04,,
Bermuda,,,,,,,,,,,,,,,,,,,,,,,,,,,,,,,,,,,,,6.3,,,,,,,,,,,,,,,,,,,,,,,
Bolivia,1.85,,,,,,,,,,2.32,,,,,2.06,,,,,,,,,,,,,,,1.32,1.41,,1.4,,,1.67,,,,,,,1,1,,1.1,1.1,1.1,1.1,,1.07,1.1,1.12,1.15,1.13,1.27,1.29,,
Brazil,3.2,,,,,,,,,,3.69,,,,,5,,,,,,,,,,,,3.56,,,3.35,,,3.5,,,3.11,,,,2.82,2.78,2.59,2.42,,2.52,2.48,2.47,2.44,2.43,2.37,2.31,2.27,2.25,2.22,2.15,2.11,2.09,,
Barbados,5.93,,,,,,,,,,10.2,,,,,,,,,,8.53,,,,,,,,,,8.4,,,1.27,,7.4,7.56,,,,,,,7.3,7.3,6.7,6.6,,7.6,6.8,6.76,,6.34,6.34,5.93,5.9,5.89,5.97,,
Brunei,4.9,,,,,,,,,,3.51,,,,,,,,,,,2.94,2.99,,,,,,,,,,,,,,,,,,2.46,,2.7,,2.6,2.58,2.79,,2.7,2.6,2.46,2.46,2.44,2.42,2.43,2.77,2.76,2.85,,
Bhutan,,,,,,,,,,,,,,,,,,,,,,,,,,,1.71,,,,0.847,,,,1.61,,,,,1.6,,1.6,1.6,,,,1.7,,,,,1.8,1.74,,,,,,,
Botswana,2.12,,,,,,,,,,,,,,,,,,,,2.36,,,,,,,,,,1.58,,,,,,,,,,,,,2.2,,,,2.4,1.8,,1.8,,,,,,,,,
Central African Republic,1.23,,,,,,,,,,1.88,,,,,,,,,,1.56,,,,,,,,,,0.873,,,,,,,,,,,,,,,,1.2,,,,,1,,,,,,,,
Canada,6.2,,,,,,,,,,7,,,,,,6.9,6.9,6.9,6.8,6.8,6.9,6.8,6.8,6.8,6.8,6.7,6.6,6.5,6.3,6,5.8,5.5,5.4,,5,4.6,4.4,4.2,3.9,3.77,3.69,3.64,3.5,3.44,3.1,3.02,2.96,2.85,2.8,2.78,2.8,2.79,2.72,2.67,2.62,2.6,2.53,2.55,2.52
Channel Islands,11.2,,,,,,,,,,11.2,,,,,,,,,,10.7,10.6,,,,,,,,,,,,,,,,,,,,,,,,,,,,,,,,,,,,,,
Switzerland,,,,,,,,,,,,,,,,,,,,,,,,,,,,,,,,19.9,,,,,,,,,6.29,6.04,5.95,5.82,5.67,5.54,5.39,5.36,5.21,5.1,5.19,5.05,4.97,4.85,4.73,4.73,4.69,4.65,4.63,
Chile,3.67,,,,,,,,,,3.78,,,,,,,,,,3.41,,,,,,,,,3.18,3.16,,,3.1,,,2.67,,,,2.72,2.62,2.54,2.51,2.41,2.31,2.33,2.29,2.28,2.27,2.04,2.22,2.17,2.17,2.12,2.14,2.12,2.11,2.06,
China,,,,,,1.44,1.52,1.5,1.45,1.45,1.54,1.58,1.71,1.77,1.85,1.92,2,2.07,2.14,2.2,2.23,2.25,2.26,2.29,2.33,2.37,2.4,2.48,2.54,2.56,2.58,2.6,2.62,2.63,2.63,2.61,2.55,2.55,2.53,2.52,1.68,1.66,1.7,1.73,1.79,1.84,1.91,1.99,2.13,2.29,2.47,2.69,3.01,3.29,3.55,3.79,4.02,4.31,,
Cote d'Ivoire,1.35,,,,,,,,,,1.16,,,,,,,,,,,,,,,,,,,0.829,0.812,,,,,,,,,,,,,,,,0.4,,,,,,,,,,,,,
Cameroon,2,,,,,,,,,,1.75,,,,,2.47,,,,,,,,,,,,,,2.6,2.55,,,,,,,,,,,,,,,,1.5,,,,1.3,,,,,,,,,
"Congo, Dem. Rep.",5.67,,,,,,,,,,3.32,,,,,3.23,,,,,,,,,,,,1.59,,,1.43,,,,,,,,,,,,,,,1.1,0.8,,,,,,,,,,,,,
"Congo, Rep.",3.76,,,,,,,,,,4.39,,,,,,,,,,,,,,,,,,,,3.35,,,,,,,,,,,,,,,1.6,,,,,,,,,,,,,,
Colombia,2.58,,,,,,,,,,2.1,,,,,,,,,,1.56,,,,,,,,,1.25,1.37,,,1.3,,,1.46,,,,,,,1.1,1.2,,1,1,,,1.48,1.45,1.48,1.54,1.59,1.61,1.68,1.7,1.71,
Comoros,,,,,,,,,,,,,,,,,,,,,,,,,,,,,,3.12,2.76,,,,,,,,,,,,,,,,2.2,,,,2.16,,,,,,,,,
Cape Verde,,,,,,,,,,,1.41,,,,,,,,,,2.19,,,,,,,,1.6,,,,1.58,,,,,,,,,,,,,2.1,,,2.1,,2.1,,,,,,,,,
Costa Rica,4.79,,,,,,,,,,3.94,,,,,,,,,,3.31,,,,,,,,,,2.5,,,,1.79,1.78,1.75,1.71,1.68,,1.65,1.61,1.57,1.54,1.5,1.35,1.32,1.3,1.25,1.24,1.24,1.23,1.2,1.18,1.17,1.16,1.15,1.14,1.11,1.1
Cuba,4.37,,,,,,,,,,4.63,,,,,,,,,,,,,,,,,,,,5.42,,,6,,,5.13,,,,,,,4.9,,4.9,4.9,4.9,6,5.9,5.9,5.08,5.04,5.05,5.16,5.24,5.32,5.33,,
Cayman Islands,,,,,,,,,,,,,,,,,,,,,,,,,,,,,,,3,,,,,,,,,,,,,,,,,,,,,,,,,,,,,
Cyprus,4.52,,,,,,,,,,5.38,,,,,,,,,,5.65,5.72,,,,,,,,5.09,,,,,,,,,,,4.52,4.4,4.4,4.3,4.2,3.83,3.8,3.8,3.78,3.76,3.57,3.51,3.46,3.41,3.42,3.42,3.43,3.4,,
Czech Republic,,,,,,,,,,,,,,,,,,,,,11.3,,,,,11.4,,,,,11.3,11.1,10.7,10.4,10.2,,,,,,7.8,7.77,7.76,7.73,7.65,7.57,7.45,7.33,7.21,7.14,7.3,7.06,6.93,6.7,6.68,6.67,6.66,6.63,6.62,
Germany,10.5,,,,,,,,,,11.3,,,,,,,,,,11.5,,,,,11,,,,,10.4,10.1,9.9,9.7,9.7,9.7,9.6,9.4,9.3,9.2,9.12,9.01,8.87,8.74,8.58,8.47,8.3,8.24,8.21,8.24,8.25,8.38,8.34,8.28,8.23,8.13,8.06,8,,
Djibouti,7.83,,,,,,,,,,6.08,,,,,,,,,,,3.61,,,,,,,,,2.54,,,,,,,,,,1.75,1.75,1.75,1.61,1.61,1.61,1.61,,,,1.42,1.42,1.42,1.42,1.4,1.4,1.4,1.4,,
Dominica,4.54,,,,,,,,,,4.44,,,,,,,,,,,,,,,,,,,,3,,,2.59,,3.6,2.65,,,,3.8,3.5,3.9,3.9,3.9,3.9,,4,3.8,3.8,3.8,3.8,3.8,,,,,,,
Denmark,,,,,,,,,,,8.1,,8.4,8.3,8.5,8.5,8.6,8.4,8.5,8.2,8.1,7.8,7.7,7.4,7.1,7,6.9,6.2,6,5.8,5.6,5.4,5.1,5,5,4.9,4.7,4.6,4.5,4.3,4.29,4.22,4.29,4.13,3.97,3.86,3.79,3.69,3.57,3.49,3.5,3.13,,3.07,2.69,2.53,2.6,2.61,2.43,2.6
Dominican Republic,2.33,,,,,,,,,,2.64,,,,,2.5,,,,,,,,,,,,,,,1.88,,,2,,,1.5,,,,,,,2.1,,2,,1.22,1.57,1.44,1.59,1.74,1.74,1.79,1.79,1.58,1.44,1.56,,
Algeria,3.19,,,,,,,,,,2.84,,,,,,,,,,,,,,,,2.49,,2.63,2.56,2.5,,,,2.1,,,,2.1,,,,,,1.7,,,,,,,,,,,1.9,,,,
Ecuador,1.87,,,,,,,,,,2.35,,,,,2.55,,,,,1.91,,,,,,,,,,1.64,,,1.6,,,1.55,,,,,,1.5,1.7,,,,1.5,1.5,1.6,1.59,1.62,1.5,1.51,1.55,1.57,1.39,,,
Egypt,2.15,,,,,,,,,,2.18,,,,,2.04,,,,,2.03,2.07,,,,,2.09,,2.12,2.02,2.07,2.02,2,1.93,,,2.1,2.1,,,2.1,2.1,2.1,2.17,2.17,2.2,2.2,2.1,2.08,1.73,1.73,0.52,0.52,0.52,1.56,1.56,1.43,1.43,,
Eritrea,,,,,,,,,,,,,,,,,,,,,,,,,,,,,,,,,,,,,,,,,,,,,,,1.2,,,,,0.7,,,,,,,,
Spain,,,,,,,,,,,4.7,,,,,,,,,5.5,5.4,5.4,5.4,5.2,5,4.9,4.8,4.8,4.7,4.7,4.6,4.6,4.5,4.4,4.4,4.3,4.3,4.2,4.2,4.1,3.65,3.58,3.53,3.44,3.4,3.34,3.29,3.25,3.2,3.16,3.11,3.05,2.99,2.96,2.97,2.98,2.97,2.97,2.97,
Estonia,,,,,,,,,,,,,,,,,,,,,12.2,,,,,12.3,12.3,12.1,12,11.9,11.6,11.3,9.68,9.62,8.56,8.35,7.9,7.71,7.58,7.53,7.04,6.6,5.98,5.73,5.64,5.38,5.55,5.48,5.63,5.37,5.27,5.36,5.53,5.01,5.01,4.96,4.76,4.69,4.57,
Ethiopia,0.294,,,,,,,,,,0.285,,,,,0.286,,,,,0.295,,,,,,,,,,0.241,,,,,,,,,,,,,,0.2,,0.2,,0.2,,,6.3,,,,0.3,0.33,,,
Finland,,,,,,,,,,,15.1,,,,,,,,,,15.6,,,,,14,,,,,12.5,11.2,11,10,10,9.3,9.2,7.9,7.8,7.6,7.54,7.46,7.35,7.24,7.1,7.05,6.99,6.73,6.57,6.25,5.85,5.52,5.3,4.87,4.53,4.35,3.97,3.28,3.61,
Fiji,4.04,,,,,,,,,,2.91,,,,,3.33,,,,,2.81,2.75,,,,,,,,,,,,,,,,,,2.6,,,,,2.1,2.09,,,2.1,2.1,,2.19,,2.19,1.85,1.87,2,,,
France,,,,,,,,,,,,,,,10.5,10.6,10.6,10.8,10.9,11.1,11.1,11.1,11,10.8,10.7,10.5,10.3,10.2,10.1,9.9,9.7,9.6,9.4,9.3,9.1,8.9,8.8,8.6,8.4,8.3,7.97,7.83,7.71,7.55,7.39,7.22,7.11,7.06,6.9,6.66,6.43,6.36,6.34,6.28,6.2,6.13,6.06,5.98,5.91,
"Micronesia, Fed. Sts.",,,,,,,,,,,,,,,,,,,,,,,,,,,,,,3.47,,,,,,,,,,,2.8,,,,,3.3,3.31,,,3.2,,,,,,,,,,
Gabon,5.71,,,,,,,,,,9.91,,,,,,,,,,,,,,,1.55,,,,,3.19,,,,,,,,,,,,,,,,2,,1.3,,6.3,,,,,,,,,
Isle of Man,1.84,,,,,,,,,,1.91,,,,,,,,,,1.76,1.75,,,,,,,,,1.75,,,,,,,,,,,,,,,1.77,1.58,,,1.58,,,,,,,,,,
United Kingdom,10.7,,,,,,,,,,9.6,,,,,,,,,,8.1,,,,,7.4,,,,,5.9,5.6,5.4,5.1,4.8,4.8,4.6,4.6,4.4,4.2,4.08,4.04,3.98,3.95,3.86,3.72,3.54,3.39,3.33,3.26,2.93,2.88,2.81,2.76,2.73,2.61,2.57,2.54,2.5,2.46
Georgia,,,,,,,,,,,,,,,,,,,,,10.2,,,,,9.97,10,10.1,9.99,10,9.8,9.8,10,9.39,9.68,7.66,5.67,5.86,5.71,5.69,4.81,4.45,4.2,4.19,4.12,3.92,3.74,3.32,3.21,3.09,2.99,2.81,2.53,2.59,2.89,,,,,
Ghana,0.78,,,,,,,,,,1.32,,,,,1.25,,,,,,,,,,1.57,,,,,1.46,,,,,,,,,,,,,,,0.9,,,,0.9,,0.9,,,,,,,,
Guinea,0.739,,,,,,,,,,1.76,,,,,,,,,,,,,,,,,,0.584,,0.551,,,,,,,,,,,,,,,0.3,,,,,,0.3,,,,,,,,
Gambia,1.18,,,,,,,,,,,,,,,,,,,,,,,,,1.66,,,,,0.611,,,,,,,,,,,,,,,0.8,,,,1.1,,1.1,,,,,,,,
Guinea-Bissau,1.62,,,,,,,,,,1.57,,,,,,,,,,1.89,1.97,,,,,,,,,1.48,,,,,,,,,,,,,,,,,0.7,,1,,,,,,,,,,
Equatorial Guinea,5,,,,,,,,,,,,,,,,,,,,,,,,,,,,2.8,,,,,,,,,,,,,1.1,,,,2.2,,,,1.9,2.1,,,,,,,,,
Greece,5.8,,,,,,,,,,6.2,,,,,,,,,,6.2,,,,,5.5,5.3,5.2,5.2,5.1,5.1,5,5,5,4.9,4.9,4.9,4.9,4.8,4.7,4.77,4.81,4.75,4.74,4.73,4.78,4.87,4.88,4.84,4.93,4.48,4.47,4.45,4.24,4.24,4.25,4.2,4.21,4.2,
Grenada,6.22,,,,,,,,,,7.25,,,,,,,,,,5.77,,,,,,,,,,8,,,8.18,,5.5,5.27,,,,6.2,,6.9,5.7,,4.1,,2.6,2.6,2.4,,3.6,3.58,3.81,3.8,3.78,3.58,3.57,,
Greenland,,,,,,,,,,,14.4,,,,,,,,,,,,,,,,,,,,,,,,,,,,,,,,,,,,,,,,,,,,,,,,,
Guatemala,2.63,,,,,,,,,,2.17,,,,,2,,,,,,,,,,,1.72,,,0.878,1.1,,,1.1,,,0.98,,,,,,0.5,,,0.7,,0.7,0.6,0.6,0.6,0.66,0.61,,0.62,0.58,0.26,0.44,,
Guyana,5.57,,,,,,,,,,4.76,,,,,4.97,,,,,,,,,,3.49,,,,,,,,3.1,,3.1,3.87,,,,,2.9,,,,2.8,2.5,1.9,,2,,,,,1.72,,1.71,,,
"Hong Kong, China",2.64,,,,,,,,,,4.18,,,,,5.04,,,,,4.02,4.11,,,,4.89,,,,,,,,,,,,,,,,,,,,,,,,,,,,,,,,,,
Honduras,1.65,,,,,,,,,,1.75,,,,,1.7,,,,,1.32,,,,,1.31,,,,,1.01,,,0.8,,,1.06,,,,,,1,,,,,,0.7,0.8,0.8,0.62,0.62,0.65,0.63,0.66,0.64,0.64,,
Croatia,,,,,,,,,,,,,,,,,,,,,7.23,7.31,7.42,7.47,7.45,7.45,7.4,7.42,7.44,7.39,7.38,6.52,6.21,6.07,5.91,5.75,6.19,6.01,6.06,5.93,6.15,6,5.67,5.61,5.53,5.45,5.62,5.65,5.63,5.53,5.78,5.84,5.89,5.86,5.91,5.56,5.49,5.54,,
Haiti,0.609,,,,,,,,,,0.784,,,,,0.776,,,,,0.741,,,,,0.723,,,,,0.756,,,0.799,,,0.71,,,,0.7,,,,,,,1.3,,,,,,0.71,,,,,,
Hungary,,,,,,,,,,,,,,,,,,,,,,,,,,,,,,,,,,,9.3,8.8,8.8,8,8.1,8.1,8.16,7.92,7.91,7.9,7.89,7.91,7.98,7.19,7.11,7.14,7.18,7.19,7,7.04,6.98,6.99,7,7.02,7.01,
Indonesia,0.74,,,,,,,,,,0.655,,,,,0.818,,,,,,,,,,0.557,,,,0.703,0.665,0.669,0.665,0.658,0.66,,,,0.6,,,,0.6,,,,,,,0.59,0.57,0.62,0.83,0.99,0.94,0.98,0.99,1.04,,
India,0.459,,,,,,,,,,0.605,,,,,0.588,,,,,0.77,0.769,,,,0.769,,0.718,,,,0.787,,,,,,,,,0.65,0.64,0.63,0.9,,0.41,0.42,0.41,0.41,0.44,0.47,0.63,0.49,0.49,0.52,0.58,0.48,0.53,,
Ireland,,,,,,,,,,,,,,,,,,,,,9,9,8.8,8.6,8.4,8.2,7.9,7.2,6.4,6.2,6.1,6,5.7,5.5,5.3,5.2,5.1,4.9,4.8,4.7,6.13,5.86,5.78,5.67,5.64,5.46,5.26,5.1,4.85,2.83,2.73,2.62,2.54,2.56,2.57,2.92,2.96,2.97,2.97,
Iran,0.926,,,,,,,,,,1.38,,,,,,,,,,1.48,1.52,,,,,,1.51,1.48,,1.43,,,,,,1.6,,,,1.59,1.59,1.63,1.63,1.63,1.72,1.72,1.72,1.38,1.38,1.74,1.74,1.5,1.5,1.5,1.5,1.7,1.56,,
Iraq,1.86,,,,,,,,,,1.95,,,,,,,,,,1.95,1.89,,,,,,,,1.71,1.66,,,,,,,,1.45,,1.2,1.3,1.27,1.31,1.33,1.3,1.3,1.33,1.26,1.27,1.3,1.3,1.3,1.3,1.38,1.38,1.3,1.32,,
Iceland,9.8,,,,,,,,,,12.9,,,,,,,,,,14.8,,,,,15.8,,,,,16.7,16.3,15.9,14.8,14.7,14.6,,,,,,,7.5,,,,5.34,4.12,3.91,3.7,3.58,3.29,3.25,3.22,3.16,3.12,3.13,3.06,2.87,2.83
Israel,6.74,,,,,,,,,,,,,,,8.08,,,,,6.8,6.73,6.77,6.54,6.5,6.51,6.38,6.29,6.32,6.28,6.24,5.97,5.99,6.08,6.1,5.98,6.03,6.05,6.1,6.12,3.85,3.86,3.81,3.86,3.8,3.73,3.4,3.35,3.3,3.19,3.16,3.14,3.1,3.09,3.08,3.03,2.99,3.02,2.98,
Italy,8.9,9,9.2,9.3,9.5,9.6,9.7,9.9,10.1,10.3,10.6,10.6,10.6,10.5,10.6,10.6,10.4,10.3,10,9.8,9.6,9.4,9.1,8.9,8.5,8.3,8,7.8,7.5,7.1,7.2,6.8,6.9,6.7,6.6,6.3,6.5,5.9,5.5,4.9,4.71,4.61,4.44,4.18,4.02,4.04,3.99,3.91,3.79,3.69,3.64,3.52,3.42,3.31,3.21,3.2,3.17,3.18,3.14,
Jamaica,4.15,,,,,,,,,,4.1,,,,,5,,,,,,,,,,3.33,,,,2.4,2.2,,,2.1,,2.1,2.12,,,,,1.5,1.5,1.4,1.8,1.7,2,1.7,,1.7,1.76,,1.67,1.66,,1.69,1.78,1.72,,
Jordan,3.61,,,,,,,,,,1.13,,,,,1.03,,,,,1.26,1.21,,,,1.21,,,,,1.8,,,,1.63,,,1.8,,,1.7,1.7,1.7,1.7,1.7,1.7,1.9,1.9,1.8,1.8,1.8,1.8,1.8,1.8,1.89,1.38,1.4,1.47,,
Japan,9,,,,,,,,,,12.5,,,,,,,,,,13.7,,,,,14.7,,,,,,,,15.6,15.5,15.4,15.2,15.1,15,14.8,14.7,14.6,14.4,14.3,14.2,14.1,14,13.9,13.7,13.6,13.5,13.4,13.3,13.3,13.2,13.2,13.1,13.1,13,
Kazakhstan,,,,,,,,,,,,,,,,,,,,,13.1,13.2,13.3,13.4,13.5,13.6,13.6,13.6,13.5,13.6,13.7,13.7,13.5,13.2,12.1,11.7,10.3,8.45,8.19,7.25,7.19,6.97,7.02,7.7,7.77,7.76,7.78,7.72,7.71,7.61,7.29,7.11,7.01,6.72,6.06,,,,,
Kenya,1.25,,,,,,,,,,1.26,,,,,1.25,,,,,,,,,,1.71,,,,1.44,1.65,,,,,,,,,,,,1.9,,1.4,,1.4,,,,1.4,,,,,,,,,
Kyrgyz Republic,,,,,,,,,,,,,,,,,,,,,12,12.1,12.1,11.9,12,12,12,12.1,11.9,12,12,12.1,11.9,10.7,9.61,8.64,8.41,8.6,8.3,7.47,7.04,6.15,5.53,5.31,5.14,5.12,5.09,5.06,5.01,4.83,4.76,4.7,4.64,4.51,4.41,,,,,
Cambodia,0.747,,,,,,,,,,1.08,,,,,,,,,,,,,,,,,,2.1,,2.07,,,,,,,,,,,0.6,,,0.1,,,,,,0.84,0.7,,0.7,,0.8,0.9,,,
Kiribati,6.36,,,,,,,,,,12.3,,,,,,,,,,5.09,4.77,,,,,,,,,4.27,,,,,,,,1.8,,,,,,1.5,1.51,,,,1.5,1.4,1.3,,,,1.9,1.86,,,
St. Kitts and Nevis,3.86,,,,,,,,,,5.95,,,,,,,,,,8.54,,,,,,,,,,9.2,,,,,6.4,6.36,,,,,4.3,5.5,5.5,6,5.7,,,5.5,6,4.8,4.8,2.3,,,,,,,
South Korea,,,,,,,,,,,,,,,,,,,,,1.7,,,,,2.4,,,,3,3.1,3.3,3.5,3.7,4.1,4.4,4.6,4.8,5.1,5.6,4.65,4.45,4.83,5.09,5.42,5.9,6.48,7.24,7.73,8.19,8.74,9.53,10.3,10.9,11.6,11.6,12,12.3,12.4,
Kuwait,6.8,,,,,,,,,,4.83,,,,,,,,,,4.14,,,,,,,,,2.99,,,,,,,,2.76,,,2.4,2.3,2.2,2.2,2.1,1.9,1.9,1.9,1.8,1.8,2,1.85,2.2,2.2,2.04,2.04,2.04,2.04,,
Lao,0.472,,,,,,,,,,0.927,,,,,,,,,,,,,,,,,,,,2.57,,,,,,,,,,,,0.9,,,1.2,,,,,0.7,,1.5,,,,,,,
Lebanon,4.58,,,,,,,,,,4.1,,,,,,,,,,,,,,,,,,,,1.65,,3.08,,,,,2.7,,,3.07,3,3,3,3,3.6,3.6,3.43,3.43,3.45,3.45,3.45,3.45,2.86,2.85,3.37,2.73,2.73,,
Liberia,1.32,,,,,,,,,,1.58,,,,,1.65,,,,,,,,,,,,,,,,,,,,,,,,,,,,,,,,,,0.7,0.8,,,,,,,,,
Libya,2.76,,,,,,,,,,3.81,,,,,,,,,,,4.83,,,,,,,,,4.17,,,,,,,4.3,,,4.12,3.85,3.9,3.9,3.9,3.4,3.7,3.7,3.7,3.7,3.7,3.7,3.7,3.7,3.7,3.7,3.7,3.2,,
St. Lucia,4.28,,,,,,,,,,5.05,,,,,,,,,,,,,,,,,,,,4,,,4.35,,3.3,3.38,,,,2.3,,3.2,2.9,,3,2.9,2.8,,1.5,,1.46,,1.2,,1.41,,1.3,,
Sri Lanka,3.14,,,,,,,,,,3.02,,,,,3.33,,,,,2.94,2.94,,,,,,,,2.4,2.74,,,,,,,,,2.2,2.9,3,3.1,,3.1,,,,,,3.51,,3.6,,,,,4.15,,
Lesotho,1.1,,,,,,,,,,1.74,,,,,1.63,,,,,,,,,,,,,,,,,,,,,,,,,,,,,,,1.3,,,,,,,,,,,,,
Lithuania,,,,,,,,,,,,,,,,,,,,,12.1,,,,,12.8,12.8,12.8,12.8,12.6,12.5,12.5,12,11.9,11.3,11.1,10.9,10.2,10,9.85,8.83,8.33,8.1,7.85,7.57,7.28,7.16,7.19,7.18,7.18,7.16,7.43,7.45,7.31,7.26,6.97,6.69,6.56,6.43,
Luxembourg,,,,,,,,,,,,,,,,,,,,,,,,,,,8.1,8,7.9,7.8,7.6,7.5,7.3,7.4,7.2,7.1,7,6.9,6.8,6.3,6.2,6.1,6,6,6.39,5.79,5.65,5.67,5.57,5.47,5.37,5.28,5.15,5.17,5.05,4.93,4.81,4.66,4.51,4.26
Latvia,,,,,,,,,,,,,,,,,,,,,13.9,,,,,14.3,14.2,14.2,14.1,14,14.1,13.6,12.9,12.2,12.1,11.2,10.4,9.8,9.41,9.03,8.77,8.28,7.87,7.95,7.91,7.9,7.85,7.83,7.77,6.74,5.68,5.88,5.89,5.8,5.66,5.69,5.72,5.57,5.49,
"Macao, China",10.1,,,,,,,,,,5.3,,,,,,,,,,,,,,,,,,,,,,,,,,,,,,,,,,,,,,,,,,,,,,,,,
Morocco,1.6,,,,,,,,,,1.47,,,,,1.43,,,,,,1.23,,,,1.27,,,,,1.29,,,,1.11,,,0.98,,,1.1,0.87,1.09,0.78,0.87,0.87,0.87,0.87,1.1,1.13,1.13,0.85,0.85,0.85,1.1,1.1,1.1,1,,
Monaco,,,,,,,,,,,,,,,,,,,,,,,,,,,,,,18.1,,,21.7,,,19.6,,,,,,,,,,,,,,,,16.5,13.8,,,,,,,
Moldova,,,,,,,,,,,,,,,,,,,,,12.1,12.1,12.1,12.1,12.1,12.2,12.4,12.7,12.8,12.7,13.1,13.1,12.8,12.5,12.2,12.2,12.1,11.6,11.2,8.19,7.08,6.9,6.75,6.67,6.41,6.39,6.27,6.12,6.11,6.15,6.18,6.19,6.23,5.83,5.66,,,,,
Madagascar,2.41,,,,,,,,,,2.79,,,,,2.43,,,,,,,,,,,,,,,0.936,,,,,,,,,,,,0.42,,,0.3,,,,,0.2,,,,,,,,,
Maldives,,,,,,,,,,,,,,,,,,,,,,,,,,,,,,,0.763,,,,,,,,,,1.7,,2.26,2.3,,2.6,,,,4.3,,,,,,,,,,
Mexico,,,,,,,,,,,,,,,,,,,,,0.7,,,,,,,,,,1,1.1,1.2,1.2,1.2,1.2,1.2,1.1,1.1,1.1,1.05,1.08,1.09,1.06,1.07,1.05,1.02,1.06,1.03,1.02,1.05,1.04,1.03,1.03,1.03,1,1,0.99,0.98,
Marshall Islands,,,,,,,,,,,,,,,,,,,,,,,,,,,,,,,2.27,,,,,,,,,2.1,,,,,,,,,,2.7,2.7,,,,,,,,,
North Macedonia,,,,,,,,,,,5.45,5.44,5.49,5.4,5.46,5.44,5.31,5.27,5.17,5.24,5.2,5.18,5.36,5.34,5.4,5.51,5.5,5.43,5.47,5.5,5.95,5.79,5.7,5.6,5.55,5.41,5.2,5.16,5.15,5.1,5.06,4.94,4.84,4.81,4.77,4.7,4.63,4.56,4.55,4.48,4.59,4.51,4.4,4.45,4.4,4.39,4.37,4.28,,
Mali,0.669,,,,,,,,,,0.679,,,,,0.714,,,,,,,,,,,,,,,,,,,,,,,0.24,,,,,,,0.3,,,0.6,,0.1,,,,,,,,,
Malta,9.26,,,,,,,,,,,,,,,,,,,,,,,,9.46,,,9.34,9.26,9.44,,,,5.84,5.62,5.43,5.78,5.64,5.61,5.57,5.48,7.57,7.48,7.43,7.46,7.45,7.57,7.85,7.39,4.83,4.52,4.38,4.71,4.78,4.59,4.59,4.67,4.49,,
Myanmar,0.663,,,,,,,,,,0.858,,,,,,,,,,0.857,0.858,,,,,,,,,0.636,,,,,,,,,,0.7,,0.63,,,,0.6,,,,,,0.9,,,,1.04,1.04,,
Montenegro,,,,,,,,,,,,,,,,,,,,,,,,,,,,,,,,,,,,,,,,,4.22,4.25,4.2,4.22,4.21,4.18,4.21,4.05,3.93,3.94,3.98,3.98,3.97,3.89,3.93,3.93,3.93,3.86,,
Mongolia,8.68,,,,,,,,,,9.5,,,,,,,,,,11.2,11,,,,,,,,,,11.5,,,,,,,,,,,7.5,,6,,6.4,6.11,,5.9,6,6.75,7,,,7,7,8,,
Mozambique,0.809,,,,,,,,,,1.18,,,,,,,,,,1.09,,,,,,,,,,0.867,,,,,,,,,,,,,,,,0.8,0.8,,,,0.7,,,,,,,,
Mauritania,0.205,,,,,,,,,,0.344,,,,,0.344,,,,,,,,,0.768,,,,,,0.665,,,,,,,,,,,,,,,,0.4,,,,,,,,,,,,,
Mauritius,4.72,,,,,,,,,,3.95,,,,,3.3,,,,,3.12,,,,,3.35,,,,,,2.89,3.14,3.09,3.07,,,,,,,,,,,3,,,3.3,,,3.4,,,,,,,,
Malawi,1.12,,,,,,,,,,1.54,,,,,,,,,,,,,,,,,,,0.842,1.55,,,,,,,,1.34,,,,,,,,,1.1,,,,1.3,,,,,,,,
Malaysia,3.73,,,,,,,,,,3.47,,,,,3.35,,,,,,2.28,,,,2.56,,2.48,,2.34,2.13,2.09,2.06,2.03,2.02,2.03,2.01,,,,,1.8,,,,1.8,1.9,1.76,,1.8,1.8,1.79,1.9,,,1.86,1.62,1.88,,
Namibia,,,,,,,,,,,,,,,,,,,,,,,,,,,,,,,,,,,,,,,,,,,,,,,3.3,,,2.7,,,,,,,,,,
Niger,0.409,,,,,,,,,,0.495,,,,,0.495,,,,,,,,,,,,0.544,,,,,,,0.195,0.12,0.12,0.18,0.12,,,,,,,0.3,,,,,0.35,,,,,0.31,,0.39,,
Nigeria,0.418,,,,,,,,,,0.56,,,,,0.556,,,,,0.866,,,,,,,,6.37,,1.67,,,,,,,,,,1.2,,,,0.5,,,,,,,,,,,,,,,
Nicaragua,2.16,,,,,,,,,,2.28,,,,,2.41,,,,,,,,,,2.41,,,,1.83,1.82,,,1.8,,,1.48,,,,,,,0.9,0.9,0.9,1,0.9,0.9,,0.8,1.14,0.96,0.95,0.93,0.93,0.93,0.93,,
Netherlands,,,,,,,,,,,,,,,,,,,,,,,,,,,,,,,5.8,5.7,5.7,5.6,5.4,5.3,5.2,5.2,5.1,5,4.92,4.75,4.69,4.58,4.56,4.5,4.34,4.31,4.27,4.2,4.05,3.84,3.75,3.61,,3.49,3.41,3.28,3.17,
Norway,,,,,,,,,,,,,,,,,,,,,,,,,,,5.9,5.7,5.3,4.8,4.6,4.4,4.3,4.2,4.1,4,4,4,4,3.9,3.8,3.82,4.99,4.99,5.25,5.16,5.03,4.86,4.64,4.52,4.3,4.19,3.97,3.86,3.84,3.76,3.68,3.6,3.53,
Nepal,0.116,,,,,,,,,,0.135,,,,,0.138,,,,,0.176,,,,,0.18,,0.227,0.24,0.244,0.244,0.237,0.243,0.239,0.232,0.17,0.16,0.17,,0.2,,0.2,0.15,,,,5,,,,,,0.3,,,,,,,
Nauru,,,,,,,,,,,,,,,,,,,,,,,,,,,,,,,,,,,,,,,,,,,,,3.5,,,3.5,,,5,,,,,,,,,
New Zealand,11.7,,,,,,,,,,10.8,,,,,,,,,,10.2,,,,,9.5,,,,,8.5,7.4,7.1,6.5,6.7,6.2,6.1,6.1,6.2,,,,6.2,,,,,,,2.41,2.75,2.82,2.83,2.78,2.76,2.72,2.74,2.73,2.62,2.57
Oman,0.335,,,,,,,,,,,,,,,,,,,,1.62,1.61,,,,,,,,2.51,2.11,,,,,,,,2.2,,2.18,2.1,2.04,2.04,2.2,2.1,2.1,2.02,2.02,1.9,1.77,1.77,1.65,1.71,1.58,1.56,1.49,1.47,,
Pakistan,0.557,,,,,,,,,,0.521,,,,,0.526,,,,,0.573,0.569,,,,,0.6,,,0.604,0.64,0.652,0.645,0.651,,,,,,,0.67,0.66,0.69,0.68,0.68,0.7,1.25,1,0.6,0.6,0.6,0.6,0.6,0.6,0.6,0.6,0.63,0.63,,
Panama,3.78,,,,,,,,,,2.97,,,,,3.38,,,,,,,,,,3.35,,,,,2.5,,,2.7,,,2.21,,,,,,2.5,,2.4,2.2,2.3,2.3,2.3,2.3,2.3,2.27,2.33,2.3,2.24,2.29,2.25,,,
Peru,2.41,,,,,,,,,,2.17,,,,,2.5,,,,,,,,,,1.68,,,,,1.41,,1.5,1.3,1.36,,1.47,,,,,,,1.4,0.9,,,1.2,1.5,1.6,1.5,1.53,1.52,1.51,1.56,1.55,1.59,1.59,,
Philippines,0.839,,,,,,,,,,1.19,,,,,1.71,1.71,,,,1.71,,1.71,1.71,1.72,1.76,1.71,,,,1.39,1.27,1.37,1.07,,,,,,,,1,0.5,,,,1.07,1.05,1.04,1.06,1.06,1.07,1.05,0.99,0.99,,,,,
Palau,,,,,,,,,,,,,,,,,,,,,,,,,,,,,,,,,,,,,,,4.4,,,,,,,,5.9,5,,4.9,4.8,,,,,,,,,
Papua New Guinea,,,,,,,,,,,6.6,,,,,4.94,,,,,5.54,,,,5,4.74,,,,3.33,4.02,,,,,,,,,,,,,,,,,,,,,,,,,,,,,
Poland,4.6,,,,,,,,,,5.2,,,,,,,,,,5.6,,,,,5.7,,,,,5.7,5.7,5.6,5.6,5.6,5.5,5.5,5.4,5.3,5.1,4.9,,5.6,6.68,6.67,6.52,6.47,6.42,6.62,6.65,6.61,6.63,6.63,6.61,6.63,6.63,6.64,6.62,6.54,
Puerto Rico,,,,,,,,,,,,,,,,,,,,,,,,,,,,,,,,,,,,,3.32,,,,,,,,,,,,,,,,,,,,,,,
North Korea,,,,,,,,,,,,,,,,,,,,,,,,,,,,,,,,,,,,,,,,,,,13.2,,,,,,,,14.3,,13.2,,,,,,,
Portugal,,,,,,,,,,,,,,,,,,,,,,,,,,4,4,4,4,4.1,4.1,4.1,4,3.9,3.9,3.9,4,3.9,3.9,3.8,3.71,3.65,3.57,3.58,3.59,3.56,3.48,3.44,3.39,3.37,3.37,3.37,3.41,3.39,3.32,3.37,3.39,3.39,3.45,
Paraguay,2.39,,,,,,,,,,1.63,,,,,1.68,,,,,,,,,,,,,,1.32,0.932,,,1.3,0.601,,1.34,,,,,,1.2,,,1.2,1.3,1.3,1.3,1.3,1.3,1.36,,,0.83,0.78,0.83,,,
Palestine,,,,,,,,,,,,,,,,,,,,,,,,,,,,,,,,,,,,,1.2,,,,,,,,,,,,,,,,,,,,,,,
Qatar,,,,,,,,,,,5.53,,,,,,,,,,,2.94,,,,,,,,2.3,,,,,,,,1.65,,,2.36,2.42,2.36,2.36,2.36,2.43,2.52,2.52,2.52,1.4,1.23,1.2,1.2,1.4,1.2,1.2,1.2,1.25,,
Romania,7.27,,,,,,,,,,,,,,,,,,,,8.78,8.78,8.81,,8.9,8.94,8.95,8.95,8.94,8.94,8.92,8.92,7.86,7.87,7.69,7.64,7.56,7.38,7.31,7.31,7.7,7.74,7.67,6.75,6.74,6.78,6.74,6.54,6.57,6.62,6.28,6.31,6.6,6.67,6.71,6.79,6.84,6.89,,
Russia,,,,,,,,,,,,,,,,,,,,,,,,,,13,13,13.1,13.2,13.2,13.1,12.7,12.2,12.2,12,11.9,11.6,11.3,11.1,10.8,11.4,11.3,11.2,11,11.1,11,10.9,10.7,9.85,9.68,9.41,9.42,9.3,9.07,8.81,8.35,8.16,8.05,7.12,
Rwanda,,,,,,,,,,,1.25,,,,,1.24,,,,,1.53,1.48,,,,,,,,0.868,1.65,,,,,,,,,,,,,,1.7,,1.6,1.6,,,,,,,,,,,,
Saudi Arabia,0.775,,,,,,,,,,1.18,,,,,,,,,,,1.46,,,,,,,,,2.5,,,,,,,2.3,,,2.3,3.23,2.24,2.24,2.24,2.25,2.3,2.2,2.21,2.17,2.2,2.14,2.09,2.2,2.65,2.2,2.23,2.24,,
Sudan,1.01,,,,,,,,,,1.04,,,,,0.993,,,,,0.891,0.87,,,,,,,,,1.09,,,,,,,,,,0.81,0.74,0.73,0.73,0.71,0.72,0.73,0.73,0.73,0.73,0.72,0.84,0.82,0.82,8.01,0.67,6.74,0.74,,
Senegal,1.31,,,,,,,,,,1.3,,,,,1.29,,,,,,,,,,,,,,0.524,0.73,,,,0.247,,0.45,,0.4,,,,,,,,,0.1,0.3,,,,,,,,,,,
Singapore,4.39,,,,,,,,,,3.7,,,,,3.33,,,,,3.96,3.91,,,,,,,,,3.61,3.55,3.45,3.64,3.57,,,,,,,2.9,,2.8,,3.2,3.2,3.22,3.1,,,2,,2.19,2.24,2.4,2.48,2.49,,
Solomon Islands,7.33,,,,,,,,,,7.34,,,,,,,,,,,5.68,,,,,,,,,0.828,,2.75,,,,,,,,,,,2.2,,1.4,,,,,,1.66,1.4,,,,,,,
Sierra Leone,0.773,,,,,,,,,,0.925,,,,,0.907,,,,,1.21,,,,,,,,,,,,,,,,,,,,,,,,,,0.4,,,,,,,,,,,,,
El Salvador,2.18,,,,,,,,,,1.9,,,,,1.99,,,,,,,,,,,,,,,1.47,,,1.5,,,1.65,,,,,,,,,0.9,0.9,0.7,0.8,1.1,1,1.03,1.07,1.07,1.35,1.02,1.06,1.2,,
San Marino,,,,,,,,,,,,,,,,,,,,,6.67,,,,6.82,6.77,6.7,6.66,7.66,7.45,7.16,,,,,,,,,,,,,,,,,,,,,3.85,3.8,,,,,,,
Somalia,1.36,,,,,,,,,,1.36,,,,,1.42,,,,,,,,,,,,,0.906,,0.753,,,,,,,0.4,,,0.42,0.42,0.42,0.42,0.42,,,,,,,,,0.87,0.87,0.87,0.87,0.87,,
Serbia,,,,,,,,,,,,,,,,,,,,,,,,,,,,,,,,,,,,,,,,,,,,,,5.9,5.54,5.35,5.34,5.35,5.4,5.43,5.44,5.5,5.52,5.58,5.59,5.61,,
Sao Tome and Principe,40.3,,,,,,,,,,26.7,,,,,,,,,,,,,,,,,,,,,4.74,,,,,,,,,,,,3.2,,,3.2,,,,,2.9,,,,,,,,
Suriname,6.51,,,,,,,,,,5.68,,,,,,,,,,8.93,,,,,,,,,,5.7,,,,,3.1,3.74,,,,3.9,3.6,,,3.1,,3.3,3.1,,2.6,3.1,,,,,3.05,,3,,
Slovak Republic,,,,,,,,,,,,,,,,,,,,,,,,,,8.95,8.94,8.95,8.81,8.82,7.45,7.58,7.56,7.87,7.1,,8.3,8.1,8,8,7.86,7.67,7.57,7.25,6.91,6.79,6.73,6.78,6.59,6.54,6.46,6.05,5.91,5.8,5.79,5.75,5.78,5.82,5.7,
Slovenia,,,,,,,,,,,,,,,,,,,,,6.95,,6.68,,6.5,6.33,6.27,6.22,6.14,6.06,6.04,6.01,5.94,5.8,5.78,5.75,5.66,5.67,5.62,5.55,5.4,5.16,5.09,4.96,4.8,4.83,4.77,4.66,4.74,4.6,4.57,4.62,4.54,4.55,4.54,4.51,4.49,4.5,4.43,
Sweden,14.2,,,,,,,,,,15.3,,,,,,,,,,15.1,,,,,14.6,,,,,12.4,11.9,7.6,7,6.5,4.9,4.4,5.2,3.8,3.7,3.58,3.27,3.13,3.05,3.01,2.93,2.89,2.86,2.81,2.76,2.73,2.7,2.66,2.59,2.54,2.44,2.34,2.21,2.14,
Eswatini,1.94,,,,,,,,,,3.37,,,,,,,,,,,,,,,,,,,,,,,,,,,,,,,,,,,,2.1,,,,,2.1,,,,,,,,
Seychelles,7.1,,,,,,,,,,6.49,,,,,4.95,,,,,,,,,,4.82,,,,6.28,,,,,,,,,,,,,,,,,5.7,,,3.9,,3.6,,,,,,,,
Syria,1.08,,,,,,,,,,0.993,,,,,1,,,,,1.1,1.15,,,,,,,,,1.09,,,,,,1.5,,1.5,1.4,1.4,1.4,1.38,1.49,1.49,1.28,1.47,1.47,1.54,1.51,1.54,1.55,1.53,1.52,1.5,1.47,1.46,1.4,,
Chad,0.697,,,,,,,,,,1.31,,,,,,,,,,,,,,,,,,,,,0.72,,,,,,,,,,,,,,0.4,,,,,,,,,,,,,,
Togo,1.27,,,,,,,,,,1.53,,,,,1.44,,,,,,,,,,,,,,,1.51,,,,,,,,,,,,,,,0.9,,,,,,0.7,,,,,,,,
Thailand,0.74,,,,,,,,,,1.14,,,,,1.11,,,,,1.54,,,,,,,,,,1.63,1.66,1.71,,,1.99,,,,2.2,2.2,,2.2,,,2.1,,,,,2.1,,,,,,,,,
Tajikistan,,,,,,,,,,,,,,,,,,,,,,,,,,10.6,10.6,10.7,10.7,10.6,10.7,11,11.2,10.7,8.94,8.2,7.47,7.22,6.91,6.8,6.54,6.4,6.27,6.12,6.04,5.87,6.12,5.44,5.3,5.19,5.08,4.95,4.83,4.76,4.67,,,,,
Turkmenistan,,,,,,,,,,,,,,,,,,,,,10.5,,,,,10.7,11.1,11.1,11.1,11.2,11.5,11.6,11.4,11.7,11.5,10.3,8.01,7.11,,,5.36,5.13,5.02,5.08,4.9,4.4,4.34,4.07,4.04,4.02,4.1,4.07,3.98,3.93,4.03,,,,,
Timor-Leste,,,,,,,,,,,,,,,,,,,,,,,,,,,,,,,,,,,,,,,,,,,,,,,,,,5.9,5.9,,,,,,,,,
Tonga,2.5,,,,,,,,,,2.59,,,,,,,,,,3.45,3.54,,,,,,,,,,,,,,,,,,,,3.2,,,2.4,,,,2.4,,2.6,,,,,,,,,
Trinidad and Tobago,5.59,,,,,,,,,,4.94,,,,,4.99,,,,,,,,,,,5.04,,,,4,,,3.24,,3.8,5.11,,,,3.3,3.4,,3.3,,2.6,2.7,2.7,2.5,2.6,2.14,,2.72,2.7,2.99,3.01,3.03,3.02,,
Tunisia,2.47,,,,,,,,,,2.44,,,,,2.5,,,,,2.13,,,,,,,,,1.97,1.92,2.01,2.86,,1.76,,2,1.7,,,1.73,1.73,1.71,1.71,2.05,1.76,1.98,1.76,2,2.09,2.09,2.09,2.12,2.12,2.18,2.18,2.18,2.18,,
Turkey,1.7,,,,,1.8,,,,,2,,,,,2,,,,,2.2,,,,,2.1,2.1,2.1,2.1,2.1,2.4,2.4,2.4,2.5,2.5,2.5,2.5,2.5,2.5,2.6,2.1,2.16,2.49,2.48,2.47,2.5,2.52,2.54,2.58,2.62,2.74,2.62,2.66,2.65,2.68,2.68,2.75,2.81,2.85,
Tuvalu,,,,,,,,,,,,,,,,,,,,,,,,,,,,,,,,,,,,,,,,,,5.6,,,,,,,,,,,,,,,,,,
Tanzania,1.49,,,,,,,,,,,,,,,,1.43,,1.44,,1.4,,1.37,,1.3,,,,1.09,,1.02,,0.89,,,,,,,,,,,,,,1.1,,,,0.7,,,,,,,,,
Uganda,1.48,,,,,,,,,,1.56,,,,,1.65,,,,,,1.51,,,,,,,1.32,,,0.916,,,,,,,,,,,,,0.7,1,1.1,,,0.4,0.5,,,,,,,,,
Ukraine,,,,,,,,,,,,,,,,,,,,,12.1,12.3,12.4,12.4,12.6,12.7,12.8,12.9,12.9,13,13,13,12.7,12.5,12.3,11.9,10.8,9.37,9.04,8.95,8.82,8.79,8.89,8.81,8.73,8.68,8.73,8.72,8.75,9.4,9.38,9.05,8.91,8.8,7.46,,,,,
Uruguay,5.51,,,,,,,,,,5.91,,,,,5,,,,,,,,,,3.25,,,,,4.52,,,4.5,,,4.39,,,,,,,1.9,,2.4,2.9,2.9,,,1.2,2.98,2.5,2.49,2.42,2.43,2.48,2.43,,
United States,9.2,,,,,8.8,,,,,7.9,7.5,7.4,7.2,7.1,6.8,6.6,6.4,6.2,6.1,6,5.9,5.9,5.8,5.7,5.5,5.4,5.2,5.1,5,4.9,4.8,4.6,4.5,4.3,4.1,3.9,3.8,3.7,3.6,3.49,3.47,3.39,3.33,3.26,3.2,3.18,3.14,3.13,3.08,3.05,2.97,2.93,2.89,2.83,2.8,2.77,2.87,,
Uzbekistan,,,,,,,,,,,,,,,,,,,,,9.18,,,,,11.8,12,11.9,12.2,12.3,12.5,10.9,10.8,9.39,8.66,8.3,7.93,6.48,5.55,5.39,5.33,5.34,5.54,5.48,5.26,5.19,5.12,4.83,4.67,4.58,4.44,4.32,4.19,3.99,3.98,,,,,
St. Vincent and the Grenadines,4.83,,,,,,,,,,4.99,,,,,,,,,,,,,,,,,,,,4.7,,,5.02,,,1.85,,,,,4.7,4.5,4.5,4.5,4.5,,3,,,2.6,2.52,2.41,2.41,2.4,4.33,4.32,,,
Venezuela,,,,,,,,,,,,,,,0.343,0.332,0.343,,,,0.332,,0.37,0.358,0.373,2.69,2.7,2.6,2.5,,2.68,2.68,2.57,2.6,,,1.47,,,,,0.8,,0.9,,,,1.3,,1.1,,0.93,,,0.78,0.73,0.86,0.87,,
Virgin Islands (U.S.),,,,,,,,,,,,,,,,,,,,,,,,,,,,,,,4.8,,,,,,18.7,,,,,,,,,,,,,,,,,,,,,,,
Vietnam,,,,,,,,,,,,,,,,,,,,,3.5,3.7,,,,,,,,3.3,3.83,,,,,,,1.67,,,2.34,2.4,1.4,,2.8,2.34,2.66,,2.9,3.1,2.91,,2.5,3.18,2.6,,,,,
Vanuatu,5.43,,,,,,,,,,10.7,,,,,,,,,,6.18,,,,,,,,,,,,,,,,,,,,,3.1,,3.7,,4.1,,,1.7,,,,,,,,,,,
Samoa,5,,,,,,,,,,4.56,,,,,,,,,,4.5,4.36,,,,,,,,,,,,,,,,,,,3.3,,1.5,2.04,,1,,1,,,,,,,,,,,,
Yemen,0.455,,,,,,,,,,0.81,,,,,0.866,,,,,,,,,,,,,,,0.836,,,,,,0.69,,0.6,,0.59,0.59,0.59,0.59,0.59,0.61,0.7,0.7,0.7,0.7,0.72,0.7,0.72,0.67,0.71,0.71,0.71,0.71,,
South Africa,,,,,,,,,,,,,,,,,,,,,,,,,,,,,,,,,,,,,,,,,,,3.1,,2.87,2.8,,2.41,2.39,,2.3,,,,,,,,,
Zambia,2.8,,,,,,,,,,3.16,,,,,3.34,,,,,,3.48,,,,,,,,,,,,,,,,,,,,,,,2,,,,1.9,,2,,,,,,,,,
Zimbabwe,3.88,,,,,,,,,,3.5,,,,,3.31,,,,,3,,,,,1.39,,1.94,,,0.51,,,,,,,,,,,,,,,,3,,,,,1.7,,,,,,,,
